node,gate_mean,gate_std,deviation_mean,deviation_std,error_mean,error_std
0,0.5014549092828793,0.0025811327225647826,0.31205211253931925,0.26788557697629595,8.304669760648352,17.676183850531924
1,0.5020568202707889,0.0015929115482750183,0.2683033969715564,0.25089229745222646,7.771916965220096,18.071270300284834
2,0.5012924776286104,0.0024488843137299454,0.3015276100687737,0.2878813036088371,8.129648081577606,18.487674070610808
3,0.5018137996214149,0.0026894973933887633,0.316249498437791,0.2513909811691219,8.176384493486724,15.540010611903963
4,0.5023995448725067,0.0029644688919874076,0.38527182878368965,0.31899053982729136,10.563444834242771,16.55530453554809
5,0.5024800610716326,0.0029009402039570824,0.4096944047499747,0.2501404571518928,9.50884737265371,15.723056164947078
6,0.5018789989060729,0.002436103056966705,0.2938839778238839,0.24871822295158827,8.712423121372279,17.503917689128173
7,0.5020254300980672,0.0017109431346471,0.26261451564130994,0.23724562101248411,7.692384292539889,17.654109700531656
8,0.5018330625373951,0.0034674443819856173,0.3374144021525,0.301263075587053,9.083728913355918,17.55704821323105
9,0.5014056616804026,0.003320073433494422,0.34752547940198525,0.3071824210364389,8.914238969252928,17.69540771589041
10,0.5008757930254414,0.002290009925122962,0.35544673137421157,0.29102150597173176,8.57718741322956,17.62160423628592
11,0.5018782565367483,0.00233781883415448,0.3131761640005738,0.32483166333614627,9.249741514651445,18.921869477431102
12,0.5014745800860607,0.0036526772815331883,0.4088748312692573,0.3576884893081467,8.640304076863032,15.910934661812385
13,0.5019992359885334,0.002504782708927757,0.3529296651808885,0.3797852324006469,10.514990560260133,20.572567283048024
14,0.5010948197859048,0.0035308368802540917,0.3707817857891974,0.27290063513986146,9.097876347729759,15.872349357752139
15,0.5017353217793207,0.0027146660858612063,0.353850590399582,0.26626096657779197,9.454012469201192,15.688978600964276
16,0.5013742960630542,0.001953638076681605,0.41191518261484855,0.48838111103641674,7.038549379223455,10.973029584058626
17,0.5017375896968981,0.002805581983361016,0.317738202288203,0.23392607265856755,8.810723718204638,16.763702711565372
18,0.5022355559272488,0.0021357057038355128,0.3096354583754157,0.3150315498140189,8.503941067187455,16.726110879153342
19,0.5020952055402046,0.002245634672590168,0.2760997488289854,0.23402361909169392,8.257417333978806,17.18835479072237
20,0.5018567150178617,0.002753611246377316,0.3306919531056481,0.3027365318952415,9.02124124579186,18.49512520154543
21,0.501342987091872,0.0026445539852154704,0.3121544554546802,0.31851653982871,8.768525439492107,17.84641946187906
22,0.5003476948111597,0.0018487731740287274,0.32169049705902153,0.2970824689503068,7.279131148261746,13.882873529534768
23,0.5015234928409549,0.003434066097071333,0.41575263266145746,0.31226130280861447,11.339726849019963,18.007945122341564
24,0.5015035074644715,0.0021464448731902436,0.2798516744723285,0.27107778600016025,8.469971420051408,18.166039607682688
25,0.5023620068765905,0.003048268858131298,0.48309138603889157,0.36367180544550426,13.426841366552088,19.303504629940566
26,0.501593270475847,0.0023529879805879133,0.3492607080762404,0.23738345034667857,9.767577588436378,16.081050745857844
27,0.5011930453864327,0.0018244818315316916,0.25911234759066226,0.22735671836085455,7.494625313664875,17.146334136904088
28,0.5017243782099146,0.0027041292423370658,0.302976149385863,0.3135504523893142,8.227495200999462,18.879683173859668
29,0.4997570343435246,0.0036284609231922093,0.38098116418741046,0.3728301068581188,7.214544597820644,12.512331738795934
30,0.49992706037785883,0.0034326867995300523,0.3641130110643206,0.3007835067508224,10.177828180702933,16.680594930065283
31,0.5022028871870389,0.0019493417728053371,0.39655934283333105,0.4840108046674082,12.197850054093522,22.49361005626783
32,0.5020809643460016,0.0030699878436032378,0.34585198097420433,0.3377417657552421,9.997195241051,18.962292360194112
33,0.5017825887325036,0.002413698779855342,0.3025405301142783,0.2573810647862049,8.892336886433789,17.545670271524354
34,0.5015045455598484,0.0031925305918310306,0.31149282844397275,0.29201291680181013,8.835044639127968,18.42598458679947
35,0.5014984787293594,0.001625919096157416,0.3072290273217389,0.319492345591299,8.917444358672538,18.050067286897647
36,0.5015576732941788,0.0028099735737554445,0.33545518462675333,0.31858858036710347,9.235844975353157,18.42581399025171
37,0.5021826058408639,0.002201445566571626,0.302732668740906,0.2767234945918953,8.522468934093949,18.396210745034594
38,0.5009446701342172,0.004025302870239969,0.46399291072448673,0.3640522742555713,11.399061998450843,15.933649989846145
39,0.5012999386682998,0.002069851479383265,0.2777300179004669,0.22814487380267215,8.056103568947227,16.760452894970605
40,0.5022197777337402,0.002841332270125394,0.2986688959163471,0.27153532860599133,8.158857010994515,17.557371321498504
41,0.5014821494582796,0.0027053307234213234,0.3428258744208482,0.2582413065644218,9.24395434901662,16.98806667736472
42,0.5017161504369583,0.0026724349932798503,0.3551770939183061,0.3366464044449671,10.540398970381187,19.507875410467086
43,0.5005418410266402,0.003458983813961376,0.41630111592964536,0.3051272721204524,9.306252380670422,17.013543411782145
44,0.5025052528137708,0.0024604708331457054,0.2752449342151628,0.2771863920722879,7.928586571338403,18.714870051165608
45,0.5020906367267135,0.002165031245545106,0.27372321239788167,0.2759832332698932,8.017907006479527,18.551297608865102
46,0.5013048797976362,0.0020201510319783076,0.3246796720219355,0.36246283935839296,9.811296782110729,19.41118853627263
47,0.5013432606467365,0.00330350376614246,0.3620783584135292,0.244595045453479,9.455769007954284,15.988326230356527
48,0.5007928780569647,0.0029871423077910664,0.3618629179818787,0.2870477938945126,8.506354185786561,14.739242678658353
49,0.5022248829368258,0.002545091323443927,0.3677391214527353,0.35909354654718756,11.240226593435246,20.0342446962212
50,0.5018111091547639,0.002744995965530392,0.3132147732007243,0.31554474861315357,8.781428609973323,17.580584193624595
51,0.5020665347837183,0.0030575963086222836,0.3840370101998322,0.3047832114425339,11.066866071311226,16.117869085663536
52,0.5024675058796458,0.003529213903145327,0.3711130490007192,0.28144494802346354,9.587606319998303,17.095239359779104
53,0.5012495572027499,0.0024029815036762975,0.3215708998955079,0.25414159293010197,8.021366557170005,14.17065002875491
54,0.5018349250215683,0.0023685872964803504,0.29871146990870034,0.2439675056806243,8.544189373733353,17.078499015435998
55,0.5019992917471559,0.001946788013108028,0.28767959028699974,0.2918485865348971,8.518679072665472,18.06302215648624
56,0.5027442225052492,0.004101003232297814,0.817949382575759,0.7228264208805698,18.693661824316873,17.111716707300655
57,0.5013884400973355,0.002177056465729078,0.2796981925511882,0.23387995928206454,7.621291790112962,16.476625209075173
58,0.5014798856303639,0.002651618678673962,0.32829238677111855,0.2444863909851527,9.071600529190398,16.856190393992215
59,0.5023260237874776,0.003162569055559439,0.29590688121144787,0.2572281763786204,8.307115542279544,17.333143939398795
60,0.5029254688137639,0.0033755663279411,0.6958589263641051,0.6927707764263029,18.052864417124837,22.04410598055583
61,0.5015081809733036,0.0038026019230303944,0.4614883535360768,0.33106809932105297,11.2658543203869,17.93308893987471
62,0.5006889589163509,0.0038987969385213183,0.46706060208543376,0.41904887695202103,13.039926382190119,18.715883965371383
63,0.5030924123917183,0.003455434395260135,0.7343214871500531,0.731687991323199,21.595414255065638,26.227490926326503
64,0.5014208284085685,0.003236092063024289,0.30486067560032337,0.28513515857127425,8.127211924573801,18.0694234737695
65,0.5015937842765864,0.002340120300087248,0.3193356006858993,0.24406812727954244,8.989488175663634,17.401906163071118
66,0.502842242421895,0.00209014150253311,0.3403563592555749,0.41214521914067287,10.229265539002245,20.892984812473138
67,0.5014675908541157,0.002150656233622387,0.3073784881264624,0.32307246356089503,8.504137382716157,18.782515963748725
68,0.501504524693872,0.002507010915726864,0.3316175307844677,0.28257561129808817,8.45748607739915,18.161281016403198
69,0.5016651541299193,0.003216237212188564,0.38258001322728874,0.32023812844226784,10.227196237431826,18.370929850651148
70,0.5039137116661907,0.0036232063854638847,0.7836377183320749,0.9417005436196135,20.04641346402412,26.720292532275813
71,0.5018176065744274,0.003220951435153348,0.8092658582656053,0.9142623859973417,21.525321482272044,28.20459888811324
72,0.5001043746419197,0.0026301301580683107,0.39806351211819335,0.26123480279807526,10.54078279975557,17.08691350644635
73,0.5018302692984142,0.002864387189910807,0.3502604463152642,0.23934911231863512,9.170614749010461,15.61361851068151
74,0.5021116725893786,0.0023518992490417674,0.29434712724093975,0.294831188318224,8.292506460482187,18.83277525137118
75,0.5010180725842497,0.0028893532488234075,0.3659846673525163,0.30459033959746895,8.211827351194229,14.086975861023605
76,0.4998814047166031,0.0034835935465646335,0.3967996148775964,0.26870448157358323,9.512421190582053,15.119598964822636
77,0.5029215289902513,0.0035570317696984118,0.48180292438416583,0.5165126324238657,12.270708949931347,19.593044742259185
78,0.5017872465439956,0.002409282367012786,0.31575030395584386,0.2961111431710193,8.530142449984586,18.334918232028784
79,0.5010498016507086,0.0024367118001717048,0.29987171339292595,0.295421607386042,8.083737179832736,18.551659544866215
80,0.5018217862261473,0.002927224846205747,0.31470462297436097,0.2501597210883232,9.17620475640262,17.81919421486275
81,0.5028224058394885,0.0035785265708228554,0.6848475577317885,0.662901196208212,19.6148809931052,23.744939181180335
82,0.5034654924817329,0.0038786770550344645,0.8704761554986021,0.7965059345271269,21.325001986705473,24.23571346867218
83,0.5020785121326029,0.002901292821398039,0.41269342261509306,0.46660170209867524,12.234714850683282,21.779600710348728
84,0.50081034750834,0.0031970519357964796,0.32814383485456455,0.2826009069306888,7.719875393192264,14.868077421880978
85,0.5012720893769369,0.002369677013997656,0.2991536648256065,0.3011896238515204,8.03073923079637,18.58527420029868
86,0.5015292267729766,0.00286651961155808,0.32279264386552964,0.24713527736063473,9.45546095214621,17.313889799938085
87,0.5019257426783986,0.0034218620224471846,0.361249167301359,0.26961030087256266,9.867520230912815,17.556183248184134
88,0.5018964722208733,0.0036104768112883924,0.3257126701922312,0.30552563927294757,7.755017178041221,17.48565964896933
89,0.5018986003764354,0.003196455722322708,0.30540298368373925,0.2865041765690302,8.392144750713433,18.201204497219535
90,0.5028193112185402,0.0021118662842004306,0.30351853929296896,0.3346473871441042,8.756117172519655,19.370573797388953
91,0.501883116673379,0.002460996103174478,0.3492106675057516,0.3220616572006874,7.110221808008904,12.003055537501751
92,0.5016550974428219,0.0019742569641022136,0.30220088521929556,0.34706112515245713,8.930148109484763,20.03860138706498
93,0.5016391743360644,0.002694802041752916,0.29478637905886573,0.2664916472062485,8.467406532398975,17.933158893410578
94,0.502270366049161,0.002301682714059778,0.2793484611667856,0.24227745395581585,8.030374004753837,17.31945632782482
95,0.5015877647295486,0.003220769881750056,0.44123279944823607,0.3614132226786024,11.597220531797758,19.13427860963942
96,0.5020331029126244,0.003847973432980024,0.5599473518307192,0.5817512122080242,14.728630531478101,22.736171286365987
97,0.5021828413531728,0.0024434990407487664,0.29614423870170203,0.28270930468754113,8.354416582897631,18.487468796883896
98,0.5014101915115857,0.0025127032891561684,0.31858213053132495,0.2481214027368629,8.06542990120658,15.943044704341155
99,0.5019055926364704,0.001877349565052284,0.27828656316673667,0.280977496079122,7.744274232056889,18.73654615321792
100,0.5017771687994909,0.003522637824490112,0.3776096052627494,0.2649088678596624,9.693451582045451,16.238938228145006
101,0.5023970789630918,0.0035798632532812397,0.3848689957300242,0.3437008406105809,11.377535374704069,19.194269198278672
102,0.5014525562655316,0.003168142048384513,0.3809768001180496,0.4656449706622531,9.661622670131878,18.190548800673525
103,0.5017369008238298,0.0026992767677869725,0.3154621836825879,0.2637341720458852,8.577852188792543,17.528887380816546
104,0.5015571965614375,0.003601131370812505,0.3185370940666129,0.29057745699432863,8.637940124838892,17.784145128892114
105,0.5021032898269431,0.0021415052682020007,0.4040158480884385,0.5281946640905132,11.651017144335448,22.67216475556116
106,0.5013263315876035,0.0026764802865430707,0.4240402166686789,0.5477249148308927,12.145743079498736,22.434083787391643
107,0.5021311794232278,0.0013698835207517023,0.2741161492662708,0.2954132575399426,7.82106068141269,18.89501729863108
108,0.5014116625194132,0.0024841384573942972,0.31490279590126374,0.3474544275322899,9.026795183028618,19.87475681716425
109,0.5023191621181738,0.0029339200131634816,0.4273152470762712,0.4629542444011131,12.559185999153303,21.116450900133664
110,0.5027256382120787,0.00225390609407516,0.2772965974964365,0.2585431076950814,8.02179864890384,17.988626235941403
111,0.5019808338854435,0.002711270902046996,0.3508162576786793,0.3662117192971472,10.513310328295631,20.174182803773473
112,0.5018540531701415,0.0025091543840137526,0.3392153580867461,0.24893600616569775,9.509596771741435,16.940384361758166
113,0.5010800583345176,0.0031388418217829705,0.3571407319986037,0.26259142187314705,9.646088344824575,17.25079087879931
114,0.5020277560366331,0.0025158590968711904,0.3029082793649966,0.2766714420458785,8.40972614009885,18.21002337713458
115,0.5015281921755659,0.0030039602737941405,0.313604321162196,0.2801046889353889,8.024564464283685,17.24372538427326
116,0.5021523399074582,0.002769980159337637,0.3325092685222626,0.2799670090068516,9.060534547680486,17.79345359122993
117,0.5020554587440769,0.00257418749037695,0.33542584282203314,0.2823287353975278,9.1057483779949,18.443537595189515
118,0.5023543916131458,0.0022113467743173055,0.29595842404957234,0.29596579831678504,8.37847413049127,18.820965218844854
119,0.501714521185325,0.002561328858575489,0.2952299578955574,0.2783723098746964,8.244310926729746,18.495365825303278
120,0.5021353322049997,0.0033343972837459692,0.44571040498079173,0.37802988438283874,12.47906401501955,19.825819940978185
121,0.5020552436974797,0.0029101120243053046,0.377626514456568,0.42771473489024625,11.083528260001302,20.087594391113047
122,0.501043759392996,0.0030569889892667125,0.31476957488234025,0.27607177360381874,8.141426324148247,17.834332428747878
123,0.502649587819176,0.0016871387471705218,0.28710527333900004,0.2953066132018319,8.066624526142204,18.88766587223768
124,0.5024385119528666,0.0034140143602865622,0.3756834016925227,0.2936506586523178,10.666959302860455,18.07900310590548
125,0.49989892936100927,0.0035714091674206327,0.47102747787524313,0.3046569703489575,10.319500024753765,16.734223058156097
126,0.5008475213155259,0.0020190486834830044,0.38783936572771005,0.30246492915380835,10.23718388439095,17.20606494908862
127,0.5011639379932933,0.005267656382975906,0.5825086804767595,0.4471603850552246,12.325553893694913,19.325807364985305
128,0.5013511492388092,0.0024775010286288003,0.29789181938136583,0.2555147827278744,8.50875511969963,18.11207963634486
129,0.5022597782803278,0.0023723458052473992,0.3624015791224737,0.35819481750811494,10.764970330565514,20.03475260383383
130,0.5011536763184262,0.0031555048598718234,0.3876204232664874,0.2866368724283428,9.95243586557625,17.225366255317407
131,0.5014748926580387,0.003123912505134287,0.33965626333316745,0.26087606578577355,9.179591741840335,16.53060623520483
132,0.501357472099527,0.002472008552527124,0.33857321084415826,0.37854485703093144,9.91518552480823,20.905725744049516
133,0.5021025228152309,0.0029482540811211684,0.31833644807773787,0.23353930566000305,9.192074152918627,16.59332583359344
134,0.502209144473946,0.00400225917635987,0.4279319572187688,0.38567174545757454,11.973634746544553,20.188804718423878
135,0.5021745712391651,0.0023137783110525065,0.2943952349807224,0.24637987403573636,8.438709633959471,17.61085141945337
136,0.5016266858316686,0.0023213319275694564,0.3104013488545035,0.2725867036905316,8.833230093795887,18.24665103905528
137,0.5013554878652531,0.0032931692187446134,0.3643290547732889,0.26514851132866113,9.72341255995479,16.76575088227672
138,0.5024495284400717,0.0026385820403992,0.5013401901634941,0.5920182846879759,14.554832968607435,22.796774421023798
139,0.502052154889072,0.0035124063032086613,0.4611916167109552,0.38024407647253894,12.677168247577917,19.45147093472065
140,0.5018815232541439,0.0025172801271073466,0.38149522937997415,0.2435334637694177,10.889260136263214,16.356900124934665
141,0.5018116902956997,0.002782953285075204,0.36091083225542614,0.27760911490821866,9.66156088306956,17.139799500236293
142,0.5020263698675337,0.0027432426233728164,0.34593017518085284,0.3391025889790514,10.189109152320528,19.249703361956236
143,0.5013867406427425,0.0027852963728152297,0.33640382451732664,0.3207138740356003,9.462454140238519,17.983798274528425
144,0.5014630746841431,0.0028234956936627493,0.3672848548593312,0.29747686967093045,8.552101407433948,13.796629292743377
145,0.5020756111353853,0.002784914523990897,0.31784966573663004,0.3066908544887459,8.328032587253265,18.458690550912507
146,0.5018570240396653,0.0028147486108275736,0.3577742043376839,0.2800951403846957,9.758080278382684,17.30158545624378
147,0.5018884226179471,0.001966341351263896,0.3554706129496985,0.35769966289118865,10.525946989303087,20.16195174581304
148,0.502240610470737,0.0034312717454191514,0.39191235274293995,0.304354167862318,10.509382986187065,17.39793559145269
149,0.5021824588218745,0.0027106981948529525,0.3273060029788609,0.31791431737891024,9.172282248639712,19.042538848734495
150,0.5010150361583181,0.0036807757559628985,0.44025608791922133,0.34790203128691466,11.730425208537248,18.00249846557437
151,0.5007669345392798,0.0029235345403764252,0.34037449617455473,0.2729476081114432,7.946982169603779,15.665790121021713
152,0.5023441655444403,0.0025784792993549088,0.27192473738733,0.2358017278439487,7.731008779289079,17.040032602300457
153,0.5007975216764603,0.0022047941365116084,0.27208396119792966,0.23215459558272233,8.00935192045504,17.734706370827325
154,0.5016351457233846,0.0026624227892191907,0.28242304163692644,0.23262147046829112,7.990279352856379,16.493470478136697
155,0.5002747819893552,0.0045468568453600235,0.551418528582928,0.39600867487182717,10.156623154730692,16.9620978472992
156,0.5016486111174535,0.001965072980147214,0.2962366392229595,0.2851851212779489,7.163535513007728,15.249055300479574
157,0.5018978972852665,0.0031814439401487665,0.3024239138704147,0.25578323349369153,8.677157757247452,17.781958182957155
158,0.5003596781466129,0.003763114706737923,0.3938477259743823,0.2337834578515971,9.448424589164066,16.353213476004317
159,0.5005939458234466,0.004560116278926464,0.5313850152405509,0.3879823875715953,10.548558990798728,17.190813060627335
160,0.5016709046990332,0.004255941278964938,0.5976422566741052,0.5202163596497934,13.877815523913307,21.040615037224836
161,0.5029450603123129,0.0033319841355054997,0.4769009054142193,0.5845639043779234,14.324599296402758,24.016995895466653
162,0.5022218300478302,0.0030414490235171694,0.3124855458344856,0.29134231089930557,8.699315114195329,18.724545750042235
163,0.5010591784358894,0.004774139018404856,0.5372557037590194,0.42938391115396785,10.34699491942886,17.88084882154543
164,0.5015383722486287,0.003105389218368604,0.36193373589185035,0.278250100556499,9.645032748967191,17.39774451066683
165,0.5012334608857649,0.0032281782631432394,0.40548702753373306,0.2825056142684423,11.476410004065855,16.839801139443722
166,0.5017874280901721,0.003097869764623816,0.5368057710410905,0.613790467104261,14.436868085373927,22.411724128355615
167,0.5021087153984682,0.0020905344463339076,0.2791298622240985,0.2784055892339615,7.903718051492733,18.456101652834832
168,0.5017395213224592,0.001955092558547729,0.2967926565051949,0.2758167920495506,8.663962832645778,18.44597324750078
169,0.5017807739320462,0.0018498475200563248,0.2828929361374709,0.27104294384976013,8.58951483754346,18.44369404533917
170,0.5010568365389413,0.0033855331229765582,0.378895069935026,0.33319343476002083,11.548880640712097,18.6915977685176
171,0.501621095733921,0.0018590563453930683,0.2704640762083722,0.26328446561026936,7.871953973978975,18.528009026857106
172,0.5012800489376932,0.003160030075225207,0.3453145443958088,0.23873726063865403,9.986894361398516,16.345608352662424
173,0.501644098532461,0.001957016513006638,0.2658377288292794,0.2667650062270199,7.799410523463339,18.38208039454584
174,0.5030167732969688,0.004009216689291394,0.6373788402376384,0.68950769161755,15.723068080400898,20.131537729222316
175,0.501883996142088,0.002565600120729154,0.3337088185418261,0.2504733985612284,9.630943316021105,18.198235073286494
176,0.5017696817425916,0.003054376707888979,0.33713210367808377,0.3541052651822991,8.82067694308984,19.00668835673616
177,0.5017801881184543,0.001453872927240699,0.26103911482939757,0.22783100115741795,7.618795102634569,17.374355909365978
178,0.5024435175596362,0.002739377219981441,0.27521970116744077,0.2536290280859873,8.113675768079549,18.146859517029654
179,0.5010744743451585,0.002059931774414491,0.3035726988402596,0.26584078396804683,7.6327730002020395,15.171843877760407
180,0.5018634083845319,0.00320158714645614,0.5804610088706886,0.5565101786431342,17.726815334236534,23.225672266292573
181,0.5031402507141559,0.002954759183698533,0.5740311340519981,0.6145123859313131,18.004255106640557,24.402998532278968
182,0.5019356278955501,0.0022554409874665764,0.2949715297065512,0.27872370199000196,8.672313491654222,18.177144856570393
183,0.5016067226872827,0.0017703024459340072,0.3210405909057951,0.3872694650301968,9.235702363087313,20.319674176767958
184,0.5022272765375402,0.002383651007013295,0.27310702388739067,0.24383836403966422,7.84404716094915,17.787148761191883
185,0.5020267221005293,0.003355999096967023,0.3311623751203509,0.3020143546068862,8.477594029015869,17.951127299229597
186,0.5016359618458435,0.0030145072134951413,0.30625509808533385,0.2643940653300395,8.868875531871824,17.891541923512868
187,0.5012951387628152,0.003876903469255887,0.4511808066211478,0.34061342177390497,9.301525042248468,15.924880172163627
188,0.5023696720687142,0.003149767557639728,0.3150618664017559,0.27129764120119326,9.1252808454611,18.043273908991726
189,0.5023937344377059,0.002184632117896493,0.3587106405296465,0.4363107947699233,10.905707972728424,20.943732785160186
190,0.500590469715369,0.002934381303338862,0.3505699658350353,0.2736754943986329,9.678653961515774,17.937435102394375
191,0.5024514152011732,0.003216903934688533,0.36817688841019236,0.28270588945373654,9.757037085581869,15.84315540082945
192,0.5020678541086016,0.0028583278876321205,0.32724539817684756,0.2503947053291142,8.905833609086754,17.259893793848303
193,0.501869327186668,0.003231343022912222,0.37897542786424177,0.27424753832965215,8.956675772666932,15.312537015610703
194,0.5022507933282504,0.0030030322017288408,0.3393617950042669,0.25386480603850564,9.401306933173299,16.17386030451134
195,0.5022809260779053,0.003069902905085137,0.34076077339422967,0.29516375898738123,9.592812932808034,18.550991613726282
196,0.5012543262530418,0.0021518474853576674,0.42071775861030075,0.4841978591347796,7.549168493451863,11.374993588050064
197,0.5003120637810143,0.002001829835248808,0.3583825211020282,0.366180444598216,7.0123738185854725,11.58791555929205
198,0.5022426974512365,0.002560752054869744,0.30274433772929393,0.2896434551046143,8.444161224574069,18.588030530914306
199,0.5018767973628357,0.0028699858609485384,0.3435271059248569,0.27846386174496934,8.880151767139017,17.52801494762259
200,0.5011162870643783,0.0018265421078474534,0.2782417177283851,0.25088956658913913,8.050947041302702,17.870531690433168
201,0.5020397924854808,0.0023842988618612945,0.28931712272828514,0.27138927361619986,8.165439273440924,18.35679323352005
202,0.501077670807386,0.0019325842300444802,0.26326330737475934,0.22967690418930062,7.829254310774977,17.574563798136364
203,0.5021138558335548,0.0022623723975226675,0.28150006781529335,0.2989276300045768,8.013179007411873,19.027459815153215
204,0.5016678796545433,0.002328258134817736,0.29539739315527197,0.22754828794150211,8.472955250078744,16.919120284985368
205,0.500820216506067,0.0030120056332854717,0.3305957146456642,0.28544264016453086,10.016164344175019,18.63717329981071
206,0.5006185161980399,0.0039057559388862052,0.47029263030873597,0.36130495788917955,9.38030086461645,16.728071453467724
